{
	"-log10(P[deletion_entry_exit])": 9.15590701902,
	"-log10(P[maternal_crossover])": 8.09900216768,
	"-log10(P[paternal_crossover])": 7.8685532463,
	"-log10(P[hard_to_seq_region_entry_exit])": 6.15590701902,

	"-log10(P[obs=./.|true_gen=0/0])": 5.73307933517,
	"-log10(P[obs=0/0|true_gen=0/0])": 2.85273382932e-06,
	"-log10(P[obs=0/1|true_gen=0/0])": 5.32731010214,
	"-log10(P[obs=1/1|true_gen=0/0])": 7.87619835188,

	"-log10(P[obs=./.|true_gen=0/1])": 4.26131998665,
	"-log10(P[obs=0/0|true_gen=0/1])": 3.41761141983,
	"-log10(P[obs=0/1|true_gen=0/1])": 0.000250477524302,
	"-log10(P[obs=1/1|true_gen=0/1])": 3.8554069609,

	"-log10(P[obs=./.|true_gen=1/1])": 4.1083731882,
	"-log10(P[obs=0/0|true_gen=1/1])": 5.40487314961,
	"-log10(P[obs=0/1|true_gen=1/1])": 3.38569990715,
	"-log10(P[obs=1/1|true_gen=1/1])": 0.000214284504121,

	"-log10(P[obs=./.|true_gen=-/0])": 5.36319528879,
	"-log10(P[obs=0/0|true_gen=-/0])": 2.06132944343e-06,
	"-log10(P[obs=0/1|true_gen=-/0])": 6.4052381126,
	"-log10(P[obs=1/1|true_gen=-/0])": 7.70156253479,

	"-log10(P[obs=./.|true_gen=-/1])": 3.52391990524,
	"-log10(P[obs=0/0|true_gen=-/1])": 4.39731322422,
	"-log10(P[obs=0/1|true_gen=-/1])": 3.04244648795,
	"-log10(P[obs=1/1|true_gen=-/1])": 0.000541567091547,

	"-log10(P[obs=./.|true_gen=-/-])": 2.2890470113e-06,
	"-log10(P[obs=0/0|true_gen=-/-])": 5.32968836646,
	"-log10(P[obs=0/1|true_gen=-/-])": 6.70626540686,
	"-log10(P[obs=1/1|true_gen=-/-])": 6.40523815716,

	"x-times higher probability of error in hard-to-sequence region": 10
}